state_name,state_code
Andaman & Nicobar Island,AN
Andhra Pradesh,AP
Arunachal Pradesh,AR
Assam,AS
Bihar,BR
Chandigarh,CH
Chhattisgarh,CG
Delhi,DL
Goa,GA
Gujarat,GJ
Haryana,HR
Himachal Pradesh,HP
Jammu & Kashmir,JK
Jharkhand,JH
Karnataka,KA
Kerala,KL
Ladakh,LA
Lakshadweep,LD
Madhya Pradesh,MP
Maharashtra,MH
Manipur,MN
Meghalaya,ML
Mizoram,MZ
Nagaland,NL
Odisha,OR
Puducherry,PY
Punjab,PB
Rajasthan,RJ
Sikkim,SK
Tamil Nadu,TN
Telangana,TG
Tripura,TR
UT of DNH and DD,DD
Uttar Pradesh,UP
Uttarakhand,UK
West Bengal,WB
